name,cate,dist,dire
ak_0m_center_0002.mp3,ak,0m,center
ak_0m_center_0003.mp3,ak,0m,center
ak_0m_center_0004.mp3,ak,0m,center
ak_0m_center_0006.mp3,ak,0m,center
ak_0m_center_0007.mp3,ak,0m,center
ak_0m_center_0010.mp3,ak,0m,center
ak_0m_center_0011.mp3,ak,0m,center
ak_0m_center_0015.mp3,ak,0m,center
ak_0m_center_0016.mp3,ak,0m,center
m24_100m_back_0020.mp3,m24,100m,back
m24_100m_back_0021.mp3,m24,100m,back
m24_100m_back_0023.mp3,m24,100m,back
m24_100m_back_0024.mp3,m24,100m,back
m24_100m_back_0025.mp3,m24,100m,back
m24_100m_back_0026.mp3,m24,100m,back
m24_100m_back_0027.mp3,m24,100m,back
m24_100m_back_0028.mp3,m24,100m,back
m24_100m_back_0029.mp3,m24,100m,back
m24_100m_back_0032.mp3,m24,100m,back
m24_100m_back_0033.mp3,m24,100m,back
m24_100m_back_0034.mp3,m24,100m,back
m24_100m_back_0035.mp3,m24,100m,back
m24_100m_front_0036.mp3,m24,100m,front
m24_100m_front_0037.mp3,m24,100m,front
m24_100m_front_0038.mp3,m24,100m,front
m24_100m_front_0039.mp3,m24,100m,front
m24_100m_front_0040.mp3,m24,100m,front
m24_100m_front_0041.mp3,m24,100m,front
m24_100m_front_0042.mp3,m24,100m,front
m24_100m_front_0043.mp3,m24,100m,front
m24_100m_front_0044.mp3,m24,100m,front
m24_100m_front_0045.mp3,m24,100m,front
m24_100m_front_0046.mp3,m24,100m,front
m24_100m_front_0047.mp3,m24,100m,front
m24_100m_front_0048.mp3,m24,100m,front
m24_100m_left_0049.mp3,m24,100m,left
m24_100m_left_0050.mp3,m24,100m,left
m24_100m_left_0051.mp3,m24,100m,left
m24_100m_left_0052.mp3,m24,100m,left
m24_100m_left_0055.mp3,m24,100m,left
m24_100m_left_0056.mp3,m24,100m,left
m24_100m_left_0057.mp3,m24,100m,left
m24_100m_left_0058.mp3,m24,100m,left
m24_100m_left_0059.mp3,m24,100m,left
m24_100m_left_0060.mp3,m24,100m,left
m24_100m_left_0061.mp3,m24,100m,left
m24_100m_left_0062.mp3,m24,100m,left
m24_100m_left_0063.mp3,m24,100m,left
m24_100m_left_0064.mp3,m24,100m,left
m24_100m_right_0066.mp3,m24,100m,right
m24_100m_right_0067.mp3,m24,100m,right
m24_100m_right_0068.mp3,m24,100m,right
m24_100m_right_0069.mp3,m24,100m,right
m24_100m_right_0070.mp3,m24,100m,right
m24_100m_right_0071.mp3,m24,100m,right
m24_100m_right_0072.mp3,m24,100m,right
m24_100m_right_0073.mp3,m24,100m,right
m24_100m_right_0074.mp3,m24,100m,right
m24_100m_right_0075.mp3,m24,100m,right
m24_200m_back_0077.mp3,m24,200m,back
m24_200m_back_0078.mp3,m24,200m,back
m24_200m_back_0079.mp3,m24,200m,back
m24_200m_back_0080.mp3,m24,200m,back
m24_200m_back_0081.mp3,m24,200m,back
m24_200m_back_0082.mp3,m24,200m,back
m24_200m_back_0083.mp3,m24,200m,back
m24_200m_back_0084.mp3,m24,200m,back
m24_200m_back_0085.mp3,m24,200m,back
m24_200m_back_0086.mp3,m24,200m,back
m24_200m_front_0087.mp3,m24,200m,front
m24_200m_front_0088.mp3,m24,200m,front
m24_200m_front_0089.mp3,m24,200m,front
m24_200m_front_0090.mp3,m24,200m,front
m24_200m_front_0091.mp3,m24,200m,front
m24_200m_front_0092.mp3,m24,200m,front
m24_200m_front_0093.mp3,m24,200m,front
m24_200m_front_0094.mp3,m24,200m,front
m24_200m_front_0095.mp3,m24,200m,front
m24_200m_front_0096.mp3,m24,200m,front
m24_200m_front_0097.mp3,m24,200m,front
m24_200m_front_0098.mp3,m24,200m,front
m24_200m_front_0099.mp3,m24,200m,front
m24_200m_front_0100.mp3,m24,200m,front
m24_200m_front_0102.mp3,m24,200m,front
m24_200m_front_0103.mp3,m24,200m,front
m24_200m_front_0104.mp3,m24,200m,front
m24_200m_left_0105.mp3,m24,200m,left
m24_200m_left_0106.mp3,m24,200m,left
m24_200m_left_0109.mp3,m24,200m,left
m24_200m_left_0111.mp3,m24,200m,left
m24_200m_left_0112.mp3,m24,200m,left
m24_200m_left_0113.mp3,m24,200m,left
m24_200m_left_0114.mp3,m24,200m,left
m24_200m_left_0115.mp3,m24,200m,left
m24_200m_right_0117.mp3,m24,200m,right
m24_200m_right_0118.mp3,m24,200m,right
m24_200m_right_0119.mp3,m24,200m,right
m24_200m_right_0120.mp3,m24,200m,right
m24_200m_right_0121.mp3,m24,200m,right
m24_200m_right_0123.mp3,m24,200m,right
m24_200m_right_0124.mp3,m24,200m,right
m24_200m_right_0125.mp3,m24,200m,right
m24_200m_right_0126.mp3,m24,200m,right
m24_200m_right_0127.mp3,m24,200m,right
m24_200m_right_0128.mp3,m24,200m,right
m24_200m_right_0129.mp3,m24,200m,right
m24_200m_right_0130.mp3,m24,200m,right
m24_200m_right_0131.mp3,m24,200m,right
m24_400m_back_0132.mp3,m24,400m,back
m24_400m_back_0133.mp3,m24,400m,back
m24_400m_back_0136.mp3,m24,400m,back
m24_400m_back_0138.mp3,m24,400m,back
m24_400m_back_0139.mp3,m24,400m,back
m24_400m_back_0140.mp3,m24,400m,back
m24_400m_back_0142.mp3,m24,400m,back
m24_400m_back_0143.mp3,m24,400m,back
m24_400m_back_0144.mp3,m24,400m,back
m24_400m_back_0145.mp3,m24,400m,back
m24_400m_back_0146.mp3,m24,400m,back
m24_400m_back_0147.mp3,m24,400m,back
m24_400m_back_0148.mp3,m24,400m,back
m24_400m_back_0149.mp3,m24,400m,back
m24_400m_back_0150.mp3,m24,400m,back
m24_400m_back_0151.mp3,m24,400m,back
m24_400m_front_0152.mp3,m24,400m,front
m24_400m_front_0154.mp3,m24,400m,front
m24_400m_front_0155.mp3,m24,400m,front
m24_400m_front_0156.mp3,m24,400m,front
m24_400m_front_0157.mp3,m24,400m,front
m24_400m_front_0158.mp3,m24,400m,front
m24_400m_front_0159.mp3,m24,400m,front
m24_400m_front_0162.mp3,m24,400m,front
m24_400m_front_0163.mp3,m24,400m,front
m24_400m_front_0164.mp3,m24,400m,front
m24_400m_front_0165.mp3,m24,400m,front
m24_400m_front_0166.mp3,m24,400m,front
m24_400m_front_0167.mp3,m24,400m,front
m24_400m_front_0168.mp3,m24,400m,front
m24_400m_front_0169.mp3,m24,400m,front
m24_400m_front_0170.mp3,m24,400m,front
m24_400m_left_0171.mp3,m24,400m,left
m24_400m_left_0172.mp3,m24,400m,left
m24_400m_left_0173.mp3,m24,400m,left
m24_400m_left_0174.mp3,m24,400m,left
m24_400m_left_0175.mp3,m24,400m,left
m24_400m_left_0176.mp3,m24,400m,left
m24_400m_left_0177.mp3,m24,400m,left
m24_400m_left_0178.mp3,m24,400m,left
m24_400m_left_0179.mp3,m24,400m,left
m24_400m_left_0180.mp3,m24,400m,left
m24_400m_left_0181.mp3,m24,400m,left
m24_400m_left_0182.mp3,m24,400m,left
m24_400m_left_0183.mp3,m24,400m,left
m24_400m_left_0184.mp3,m24,400m,left
m24_400m_left_0185.mp3,m24,400m,left
m24_400m_left_0186.mp3,m24,400m,left
m24_400m_left_0187.mp3,m24,400m,left
m24_400m_left_0188.mp3,m24,400m,left
m24_400m_left_0189.mp3,m24,400m,left
m24_400m_left_0190.mp3,m24,400m,left
m24_400m_left_0191.mp3,m24,400m,left
m24_400m_left_0192.mp3,m24,400m,left
m24_400m_left_0193.mp3,m24,400m,left
m24_400m_left_0194.mp3,m24,400m,left
m24_400m_left_0195.mp3,m24,400m,left
m24_400m_right_0196.mp3,m24,400m,right
m24_400m_right_0197.mp3,m24,400m,right
m24_400m_right_0198.mp3,m24,400m,right
m24_400m_right_0199.mp3,m24,400m,right
m24_400m_right_0200.mp3,m24,400m,right
m24_400m_right_0201.mp3,m24,400m,right
m24_400m_right_0203.mp3,m24,400m,right
m24_400m_right_0204.mp3,m24,400m,right
m24_400m_right_0206.mp3,m24,400m,right
m24_400m_right_0207.mp3,m24,400m,right
m24_400m_right_0208.mp3,m24,400m,right
m24_400m_right_0209.mp3,m24,400m,right
m24_400m_right_0210.mp3,m24,400m,right
m24_400m_right_0211.mp3,m24,400m,right
m24_400m_right_0212.mp3,m24,400m,right
m24_400m_right_0213.mp3,m24,400m,right
m24_400m_right_0214.mp3,m24,400m,right
m24_400m_right_0215.mp3,m24,400m,right
m24_400m_right_0216.mp3,m24,400m,right
m24_400m_right_0217.mp3,m24,400m,right
m24_400m_right_0218.mp3,m24,400m,right
m24_400m_right_0219.mp3,m24,400m,right
m24_50m_back_0220.mp3,m24,50m,back
m24_50m_back_0221.mp3,m24,50m,back
m24_50m_back_0222.mp3,m24,50m,back
m24_50m_back_0223.mp3,m24,50m,back
m24_50m_back_0224.mp3,m24,50m,back
m24_50m_back_0225.mp3,m24,50m,back
m24_50m_back_0226.mp3,m24,50m,back
m24_50m_back_0227.mp3,m24,50m,back
m24_50m_back_0228.mp3,m24,50m,back
m24_50m_back_0229.mp3,m24,50m,back
m24_50m_back_0230.mp3,m24,50m,back
m24_50m_back_0233.mp3,m24,50m,back
m24_50m_front_0235.mp3,m24,50m,front
m24_50m_front_0236.mp3,m24,50m,front
m24_50m_front_0237.mp3,m24,50m,front
m24_50m_front_0238.mp3,m24,50m,front
m24_50m_front_0239.mp3,m24,50m,front
m24_50m_front_0241.mp3,m24,50m,front
m24_50m_front_0242.mp3,m24,50m,front
m24_50m_front_0243.mp3,m24,50m,front
m24_50m_left_0244.mp3,m24,50m,left
m24_50m_left_0245.mp3,m24,50m,left
m24_50m_left_0246.mp3,m24,50m,left
m24_50m_left_0247.mp3,m24,50m,left
m24_50m_left_0248.mp3,m24,50m,left
m24_50m_left_0249.mp3,m24,50m,left
m24_50m_left_0250.mp3,m24,50m,left
m24_50m_left_0252.mp3,m24,50m,left
m24_50m_left_0253.mp3,m24,50m,left
m24_50m_left_0254.mp3,m24,50m,left
m24_50m_left_0255.mp3,m24,50m,left
m24_50m_left_0256.mp3,m24,50m,left
m24_50m_left_0257.mp3,m24,50m,left
m24_50m_left_0258.mp3,m24,50m,left
m24_50m_left_0259.mp3,m24,50m,left
m24_50m_left_0260.mp3,m24,50m,left
m24_50m_left_0261.mp3,m24,50m,left
m24_50m_left_0262.mp3,m24,50m,left
m24_50m_right_0263.mp3,m24,50m,right
m24_50m_right_0264.mp3,m24,50m,right
m24_50m_right_0265.mp3,m24,50m,right
m24_50m_right_0266.mp3,m24,50m,right
m24_50m_right_0267.mp3,m24,50m,right
m24_50m_right_0268.mp3,m24,50m,right
m24_50m_right_0269.mp3,m24,50m,right
m24_50m_right_0270.mp3,m24,50m,right
m24_50m_right_0271.mp3,m24,50m,right
m24_50m_right_0272.mp3,m24,50m,right
m24_50m_right_0273.mp3,m24,50m,right
m24_50m_right_0274.mp3,m24,50m,right
m24_50m_right_0275.mp3,m24,50m,right
m24_50m_right_0276.mp3,m24,50m,right
m24_50m_right_0277.mp3,m24,50m,right
m24_50m_right_0278.mp3,m24,50m,right
m24_600m_back_0279.mp3,m24,600m,back
m24_600m_back_0280.mp3,m24,600m,back
m24_600m_back_0281.mp3,m24,600m,back
m24_600m_back_0282.mp3,m24,600m,back
m24_600m_back_0283.mp3,m24,600m,back
m24_600m_back_0284.mp3,m24,600m,back
m24_600m_back_0285.mp3,m24,600m,back
m24_600m_back_0286.mp3,m24,600m,back
m24_600m_back_0287.mp3,m24,600m,back
m24_600m_back_0288.mp3,m24,600m,back
m24_600m_back_0289.mp3,m24,600m,back
m24_600m_back_0290.mp3,m24,600m,back
m24_600m_back_0291.mp3,m24,600m,back
m24_600m_back_0292.mp3,m24,600m,back
m24_600m_back_0293.mp3,m24,600m,back
m24_600m_back_0294.mp3,m24,600m,back
m24_600m_back_0295.mp3,m24,600m,back
m24_600m_front_0297.mp3,m24,600m,front
m24_600m_front_0298.mp3,m24,600m,front
m24_600m_front_0299.mp3,m24,600m,front
m24_600m_front_0300.mp3,m24,600m,front
m24_600m_front_0301.mp3,m24,600m,front
m24_600m_front_0302.mp3,m24,600m,front
m24_600m_front_0303.mp3,m24,600m,front
m24_600m_front_0304.mp3,m24,600m,front
m24_600m_front_0305.mp3,m24,600m,front
m24_600m_front_0306.mp3,m24,600m,front
m24_600m_front_0308.mp3,m24,600m,front
m24_600m_front_0310.mp3,m24,600m,front
m24_600m_front_0311.mp3,m24,600m,front
m24_600m_front_0312.mp3,m24,600m,front
m24_600m_front_0313.mp3,m24,600m,front
m24_600m_front_0314.mp3,m24,600m,front
m24_600m_front_0315.mp3,m24,600m,front
m24_600m_left_0316.mp3,m24,600m,left
m24_600m_left_0318.mp3,m24,600m,left
m24_600m_left_0319.mp3,m24,600m,left
m24_600m_left_0320.mp3,m24,600m,left
m24_600m_left_0321.mp3,m24,600m,left
m24_600m_left_0323.mp3,m24,600m,left
m24_600m_left_0324.mp3,m24,600m,left
m24_600m_left_0325.mp3,m24,600m,left
m24_600m_left_0326.mp3,m24,600m,left
m24_600m_left_0327.mp3,m24,600m,left
m24_600m_left_0328.mp3,m24,600m,left
m24_600m_left_0330.mp3,m24,600m,left
m24_600m_left_0331.mp3,m24,600m,left
m24_600m_left_0333.mp3,m24,600m,left
m24_600m_left_0334.mp3,m24,600m,left
m24_600m_left_0335.mp3,m24,600m,left
m24_600m_left_0336.mp3,m24,600m,left
m24_600m_left_0337.mp3,m24,600m,left
m24_600m_left_0338.mp3,m24,600m,left
m24_600m_left_0339.mp3,m24,600m,left
m24_600m_left_0340.mp3,m24,600m,left
m24_600m_right_0341.mp3,m24,600m,right
m24_600m_right_0343.mp3,m24,600m,right
m24_600m_right_0344.mp3,m24,600m,right
m24_600m_right_0345.mp3,m24,600m,right
m24_600m_right_0346.mp3,m24,600m,right
m24_600m_right_0347.mp3,m24,600m,right
m24_600m_right_0348.mp3,m24,600m,right
m24_600m_right_0349.mp3,m24,600m,right
m24_600m_right_0351.mp3,m24,600m,right
m24_600m_right_0352.mp3,m24,600m,right
m24_600m_right_0353.mp3,m24,600m,right
m24_600m_right_0355.mp3,m24,600m,right
m24_600m_right_0357.mp3,m24,600m,right
m24_600m_right_0358.mp3,m24,600m,right
m24_600m_right_0359.mp3,m24,600m,right
m24_600m_right_0360.mp3,m24,600m,right
m24_600m_right_0361.mp3,m24,600m,right
m24_600m_right_0362.mp3,m24,600m,right
m24_600m_right_0363.mp3,m24,600m,right
m24_600m_right_0365.mp3,m24,600m,right
m4_0m_center_0366.mp3,m4,0m,center
m4_0m_center_0368.mp3,m4,0m,center
m4_0m_center_0370.mp3,m4,0m,center
m4_0m_center_0371.mp3,m4,0m,center
m4_0m_center_0372.mp3,m4,0m,center
m4_0m_center_0375.mp3,m4,0m,center
m4_0m_center_0376.mp3,m4,0m,center
m4_0m_center_0378.mp3,m4,0m,center
m4_0m_center_0381.mp3,m4,0m,center
m4_0m_center_0382.mp3,m4,0m,center
m4_0m_center_0383.mp3,m4,0m,center
m4_0m_center_0386.mp3,m4,0m,center
m4_0m_center_0388.mp3,m4,0m,center
m4_0m_center_0389.mp3,m4,0m,center
nogun_None_None_0392.mp3,nogun,None,None
nogun_None_None_0393.mp3,nogun,None,None
nogun_None_None_0394.mp3,nogun,None,None
nogun_None_None_0395.mp3,nogun,None,None
nogun_None_None_0396.mp3,nogun,None,None
m4_100m_front_0397.mp3,m4,100m,front
m4_100m_front_0398.mp3,m4,100m,front
m4_100m_front_0399.mp3,m4,100m,front
m4_100m_front_0400.mp3,m4,100m,front
m4_100m_front_0401.mp3,m4,100m,front
m4_100m_front_0402.mp3,m4,100m,front
m4_100m_front_0403.mp3,m4,100m,front
m4_100m_front_0404.mp3,m4,100m,front
m4_100m_front_0405.mp3,m4,100m,front
m4_100m_front_0407.mp3,m4,100m,front
m4_100m_front_0408.mp3,m4,100m,front
m4_100m_front_0409.mp3,m4,100m,front
m4_100m_front_0410.mp3,m4,100m,front
m4_100m_front_0411.mp3,m4,100m,front
m4_100m_front_0412.mp3,m4,100m,front
m4_100m_front_0414.mp3,m4,100m,front
m4_100m_front_0415.mp3,m4,100m,front
m4_100m_front_0416.mp3,m4,100m,front
m4_100m_left_0417.mp3,m4,100m,left
m4_100m_left_0418.mp3,m4,100m,left
m4_100m_left_0419.mp3,m4,100m,left
m4_100m_left_0420.mp3,m4,100m,left
m4_100m_left_0421.mp3,m4,100m,left
m4_100m_left_0422.mp3,m4,100m,left
m4_100m_left_0423.mp3,m4,100m,left
m4_100m_left_0424.mp3,m4,100m,left
m4_100m_left_0425.mp3,m4,100m,left
m4_100m_left_0426.mp3,m4,100m,left
m4_100m_left_0427.mp3,m4,100m,left
m4_100m_left_0428.mp3,m4,100m,left
m4_100m_left_0429.mp3,m4,100m,left
m4_100m_right_0430.mp3,m4,100m,right
m4_100m_right_0431.mp3,m4,100m,right
m4_100m_right_0432.mp3,m4,100m,right
m4_100m_right_0433.mp3,m4,100m,right
m4_100m_right_0435.mp3,m4,100m,right
m4_100m_right_0436.mp3,m4,100m,right
m4_100m_right_0438.mp3,m4,100m,right
m4_100m_right_0439.mp3,m4,100m,right
ak_0m_center_0443.mp3,ak,0m,center
ak_0m_center_0444.mp3,ak,0m,center
ak_0m_center_0445.mp3,ak,0m,center
ak_0m_center_0446.mp3,ak,0m,center
ak_0m_center_0448.mp3,ak,0m,center
ak_0m_center_0449.mp3,ak,0m,center
ak_0m_center_0453.mp3,ak,0m,center
ak_0m_center_0454.mp3,ak,0m,center
aug_0m_center_0455.mp3,aug,0m,center
aug_0m_center_0456.mp3,aug,0m,center
aug_0m_center_0457.mp3,aug,0m,center
aug_0m_center_0459.mp3,aug,0m,center
aug_0m_center_0461.mp3,aug,0m,center
aug_0m_center_0462.mp3,aug,0m,center
aug_0m_center_0463.mp3,aug,0m,center
aug_0m_center_0464.mp3,aug,0m,center
aug_0m_center_0465.mp3,aug,0m,center
aug_0m_center_0467.mp3,aug,0m,center
aug_0m_center_0468.mp3,aug,0m,center
aug_0m_center_0469.mp3,aug,0m,center
aug_0m_center_0470.mp3,aug,0m,center
aug_0m_center_0471.mp3,aug,0m,center
awm_0m_center_0472.mp3,awm,0m,center
awm_0m_center_0474.mp3,awm,0m,center
awm_0m_center_0475.mp3,awm,0m,center
awm_0m_center_0476.mp3,awm,0m,center
awm_0m_center_0477.mp3,awm,0m,center
awm_0m_center_0478.mp3,awm,0m,center
awm_0m_center_0479.mp3,awm,0m,center
awm_0m_center_0481.mp3,awm,0m,center
awm_0m_center_0485.mp3,awm,0m,center
awm_0m_center_0486.mp3,awm,0m,center
awm_0m_center_0487.mp3,awm,0m,center
awm_0m_center_0488.mp3,awm,0m,center
awm_0m_center_0489.mp3,awm,0m,center
awm_0m_center_0490.mp3,awm,0m,center
awm_0m_center_0492.mp3,awm,0m,center
awm_0m_center_0494.mp3,awm,0m,center
awm_0m_center_0495.mp3,awm,0m,center
dbs_0m_center_0497.mp3,dbs,0m,center
dbs_0m_center_0498.mp3,dbs,0m,center
dbs_0m_center_0499.mp3,dbs,0m,center
dbs_0m_center_0500.mp3,dbs,0m,center
dbs_0m_center_0501.mp3,dbs,0m,center
dbs_0m_center_0503.mp3,dbs,0m,center
dp_0m_center_0505.mp3,dp,0m,center
dp_0m_center_0507.mp3,dp,0m,center
dp_0m_center_0508.mp3,dp,0m,center
dp_0m_center_0509.mp3,dp,0m,center
dp_0m_center_0510.mp3,dp,0m,center
dp_0m_center_0511.mp3,dp,0m,center
dp_0m_center_0512.mp3,dp,0m,center
dp_0m_center_0513.mp3,dp,0m,center
g36c_0m_center_0515.mp3,g36c,0m,center
g36c_0m_center_0516.mp3,g36c,0m,center
g36c_0m_center_0518.mp3,g36c,0m,center
g36c_0m_center_0521.mp3,g36c,0m,center
gro_0m_center_0522.mp3,gro,0m,center
gro_0m_center_0523.mp3,gro,0m,center
gro_0m_center_0525.mp3,gro,0m,center
gro_0m_center_0526.mp3,gro,0m,center
gro_0m_center_0527.mp3,gro,0m,center
gro_0m_center_0529.mp3,gro,0m,center
gro_0m_center_0530.mp3,gro,0m,center
gro_0m_center_0531.mp3,gro,0m,center
gro_0m_center_0532.mp3,gro,0m,center
gro_0m_center_0534.mp3,gro,0m,center
gro_0m_center_0535.mp3,gro,0m,center
gro_0m_center_0537.mp3,gro,0m,center
gro_0m_center_0538.mp3,gro,0m,center
k2_0m_center_0539.mp3,k2,0m,center
k2_0m_center_0541.mp3,k2,0m,center
k2_0m_center_0542.mp3,k2,0m,center
k2_0m_center_0543.mp3,k2,0m,center
k2_0m_center_0546.mp3,k2,0m,center
k2_0m_center_0547.mp3,k2,0m,center
k2_0m_center_0548.mp3,k2,0m,center
k2_0m_center_0550.mp3,k2,0m,center
k2_0m_center_0551.mp3,k2,0m,center
kar_0m_center_0552.mp3,kar,0m,center
kar_0m_center_0553.mp3,kar,0m,center
kar_0m_center_0554.mp3,kar,0m,center
m16_0m_center_0556.mp3,m16,0m,center
m16_0m_center_0557.mp3,m16,0m,center
m16_0m_center_0559.mp3,m16,0m,center
m16_0m_center_0562.mp3,m16,0m,center
m16_0m_center_0563.mp3,m16,0m,center
m16_0m_center_0564.mp3,m16,0m,center
m16_0m_center_0566.mp3,m16,0m,center
m16_0m_center_0567.mp3,m16,0m,center
m16_0m_center_0568.mp3,m16,0m,center
m16_0m_center_0569.mp3,m16,0m,center
m16_0m_center_0571.mp3,m16,0m,center
m16_0m_center_0572.mp3,m16,0m,center
m16_0m_center_0575.mp3,m16,0m,center
m16_0m_center_0576.mp3,m16,0m,center
m24_0m_center_0580.mp3,m24,0m,center
m24_0m_center_0581.mp3,m24,0m,center
m24_0m_center_0582.mp3,m24,0m,center
m24_0m_center_0584.mp3,m24,0m,center
m24_0m_center_0585.mp3,m24,0m,center
m24_0m_center_0587.mp3,m24,0m,center
m249_0m_center_0591.mp3,m249,0m,center
m249_0m_center_0592.mp3,m249,0m,center
m249_0m_center_0593.mp3,m249,0m,center
m249_0m_center_0594.mp3,m249,0m,center
m249_0m_center_0596.mp3,m249,0m,center
m249_0m_center_0597.mp3,m249,0m,center
m249_0m_center_0599.mp3,m249,0m,center
m249_0m_center_0600.mp3,m249,0m,center
m249_0m_center_0601.mp3,m249,0m,center
m249_0m_center_0602.mp3,m249,0m,center
m249_0m_center_0603.mp3,m249,0m,center
m249_0m_center_0604.mp3,m249,0m,center
m249_0m_center_0605.mp3,m249,0m,center
m4_100m_front_0608.mp3,m4,100m,front
m4_0m_center_0609.mp3,m4,0m,center
m4_0m_center_0610.mp3,m4,0m,center
m4_0m_center_0611.mp3,m4,0m,center
m4_0m_center_0613.mp3,m4,0m,center
m4_0m_center_0614.mp3,m4,0m,center
m4_0m_center_0615.mp3,m4,0m,center
m4_0m_center_0616.mp3,m4,0m,center
m4_0m_center_0618.mp3,m4,0m,center
m4_0m_center_0622.mp3,m4,0m,center
mini_0m_center_0625.mp3,mini,0m,center
mini_0m_center_0626.mp3,mini,0m,center
mini_0m_center_0628.mp3,mini,0m,center
mini_0m_center_0629.mp3,mini,0m,center
mini_0m_center_0630.mp3,mini,0m,center
mini_0m_center_0632.mp3,mini,0m,center
mini_0m_center_0633.mp3,mini,0m,center
mini_0m_center_0634.mp3,mini,0m,center
mini_0m_center_0635.mp3,mini,0m,center
mini_0m_center_0636.mp3,mini,0m,center
mini_0m_center_0639.mp3,mini,0m,center
mini_0m_center_0640.mp3,mini,0m,center
mini_0m_center_0642.mp3,mini,0m,center
mini_0m_center_0643.mp3,mini,0m,center
mini_0m_center_0645.mp3,mini,0m,center
mini_0m_center_0646.mp3,mini,0m,center
mk_0m_center_0647.mp3,mk,0m,center
mk_0m_center_0649.mp3,mk,0m,center
mk_0m_center_0650.mp3,mk,0m,center
mk_0m_center_0652.mp3,mk,0m,center
mk_0m_center_0654.mp3,mk,0m,center
mk_0m_center_0655.mp3,mk,0m,center
mk_0m_center_0656.mp3,mk,0m,center
p18c_0m_center_0657.mp3,p18c,0m,center
p18c_0m_center_0659.mp3,p18c,0m,center
p18c_0m_center_0660.mp3,p18c,0m,center
p18c_0m_center_0661.mp3,p18c,0m,center
p18c_0m_center_0663.mp3,p18c,0m,center
p18c_0m_center_0665.mp3,p18c,0m,center
p18c_0m_center_0666.mp3,p18c,0m,center
p18c_0m_center_0668.mp3,p18c,0m,center
p18c_0m_center_0670.mp3,p18c,0m,center
p18c_0m_center_0671.mp3,p18c,0m,center
p18c_0m_center_0673.mp3,p18c,0m,center
p18c_0m_center_0675.mp3,p18c,0m,center
p18c_0m_center_0677.mp3,p18c,0m,center
p18c_0m_center_0678.mp3,p18c,0m,center
p1911_0m_center_0679.mp3,p1911,0m,center
p1911_0m_center_0681.mp3,p1911,0m,center
p1911_0m_center_0682.mp3,p1911,0m,center
p1911_0m_center_0683.mp3,p1911,0m,center
p1911_0m_center_0684.mp3,p1911,0m,center
p1911_0m_center_0686.mp3,p1911,0m,center
pp_0m_center_0689.mp3,pp,0m,center
pp_0m_center_0690.mp3,pp,0m,center
pp_0m_center_0691.mp3,pp,0m,center
pp_0m_center_0692.mp3,pp,0m,center
pp_0m_center_0694.mp3,pp,0m,center
pp_0m_center_0695.mp3,pp,0m,center
pp_0m_center_0697.mp3,pp,0m,center
pp_0m_center_0698.mp3,pp,0m,center
pp_0m_center_0699.mp3,pp,0m,center
pp_0m_center_0702.mp3,pp,0m,center
pump_0m_center_0703.mp3,pump,0m,center
pump_0m_center_0706.mp3,pump,0m,center
pump_0m_center_0707.mp3,pump,0m,center
pump_0m_center_0708.mp3,pump,0m,center
pump_0m_center_0710.mp3,pump,0m,center
pump_0m_center_0711.mp3,pump,0m,center
pump_0m_center_0712.mp3,pump,0m,center
qbu_0m_center_0713.mp3,qbu,0m,center
qbu_0m_center_0715.mp3,qbu,0m,center
qbu_0m_center_0717.mp3,qbu,0m,center
qbu_0m_center_0718.mp3,qbu,0m,center
qbu_0m_center_0719.mp3,qbu,0m,center
qbu_0m_center_0720.mp3,qbu,0m,center
qbu_0m_center_0721.mp3,qbu,0m,center
qbu_0m_center_0722.mp3,qbu,0m,center
qbz_0m_center_0724.mp3,qbz,0m,center
qbz_0m_center_0726.mp3,qbz,0m,center
qbz_0m_center_0728.mp3,qbz,0m,center
qbz_0m_center_0729.mp3,qbz,0m,center
qbz_0m_center_0730.mp3,qbz,0m,center
qbz_0m_center_0731.mp3,qbz,0m,center
qbz_0m_center_0732.mp3,qbz,0m,center
qbz_0m_center_0733.mp3,qbz,0m,center
qbz_0m_center_0735.mp3,qbz,0m,center
qbz_0m_center_0737.mp3,qbz,0m,center
qbz_0m_center_0739.mp3,qbz,0m,center
s12k_0m_center_0740.mp3,s12k,0m,center
s12k_0m_center_0741.mp3,s12k,0m,center
scar_0m_center_0746.mp3,scar,0m,center
scar_0m_center_0748.mp3,scar,0m,center
scar_0m_center_0749.mp3,scar,0m,center
scar_0m_center_0750.mp3,scar,0m,center
scar_0m_center_0751.mp3,scar,0m,center
scar_0m_center_0753.mp3,scar,0m,center
scar_0m_center_0754.mp3,scar,0m,center
scar_0m_center_0755.mp3,scar,0m,center
scar_0m_center_0756.mp3,scar,0m,center
scar_0m_center_0757.mp3,scar,0m,center
scar_0m_center_0758.mp3,scar,0m,center
scar_0m_center_0759.mp3,scar,0m,center
scar_0m_center_0761.mp3,scar,0m,center
sks_0m_center_0762.mp3,sks,0m,center
sks_0m_center_0763.mp3,sks,0m,center
sks_0m_center_0764.mp3,sks,0m,center
sks_0m_center_0765.mp3,sks,0m,center
sks_0m_center_0766.mp3,sks,0m,center
sks_0m_center_0767.mp3,sks,0m,center
sks_0m_center_0768.mp3,sks,0m,center
sks_0m_center_0771.mp3,sks,0m,center
slr_0m_center_0773.mp3,slr,0m,center
slr_0m_center_0774.mp3,slr,0m,center
slr_0m_center_0775.mp3,slr,0m,center
slr_0m_center_0776.mp3,slr,0m,center
slr_0m_center_0777.mp3,slr,0m,center
slr_0m_center_0778.mp3,slr,0m,center
slr_0m_center_0780.mp3,slr,0m,center
slr_0m_center_0781.mp3,slr,0m,center
slr_0m_center_0782.mp3,slr,0m,center
slr_0m_center_0783.mp3,slr,0m,center
slr_0m_center_0784.mp3,slr,0m,center
slr_0m_center_0785.mp3,slr,0m,center
slr_0m_center_0788.mp3,slr,0m,center
slr_0m_center_0789.mp3,slr,0m,center
slr_0m_center_0790.mp3,slr,0m,center
slr_0m_center_0791.mp3,slr,0m,center
slr_0m_center_0792.mp3,slr,0m,center
slr_0m_center_0793.mp3,slr,0m,center
tomy_0m_center_0794.mp3,tomy,0m,center
tomy_0m_center_0796.mp3,tomy,0m,center
tomy_0m_center_0797.mp3,tomy,0m,center
tomy_0m_center_0798.mp3,tomy,0m,center
tomy_0m_center_0800.mp3,tomy,0m,center
tomy_0m_center_0801.mp3,tomy,0m,center
tomy_0m_center_0803.mp3,tomy,0m,center
tomy_0m_center_0804.mp3,tomy,0m,center
tomy_0m_center_0806.mp3,tomy,0m,center
tomy_0m_center_0807.mp3,tomy,0m,center
tomy_0m_center_0808.mp3,tomy,0m,center
tomy_0m_center_0809.mp3,tomy,0m,center
tomy_0m_center_0810.mp3,tomy,0m,center
tomy_0m_center_0811.mp3,tomy,0m,center
tomy_0m_center_0813.mp3,tomy,0m,center
tomy_0m_center_0815.mp3,tomy,0m,center
tomy_0m_center_0816.mp3,tomy,0m,center
tomy_0m_center_0819.mp3,tomy,0m,center
ump_0m_center_0820.mp3,ump,0m,center
ump_0m_center_0824.mp3,ump,0m,center
ump_0m_center_0827.mp3,ump,0m,center
ump_0m_center_0828.mp3,ump,0m,center
ump_0m_center_0829.mp3,ump,0m,center
uzi_0m_center_0830.mp3,uzi,0m,center
uzi_0m_center_0831.mp3,uzi,0m,center
uzi_0m_center_0834.mp3,uzi,0m,center
uzi_0m_center_0835.mp3,uzi,0m,center
vec_0m_center_0838.mp3,vec,0m,center
vec_0m_center_0839.mp3,vec,0m,center
vec_0m_center_0841.mp3,vec,0m,center
vec_0m_center_0842.mp3,vec,0m,center
vec_0m_center_0843.mp3,vec,0m,center
vec_0m_center_0844.mp3,vec,0m,center
vec_0m_center_0846.mp3,vec,0m,center
verl_0m_center_0848.mp3,verl,0m,center
verl_0m_center_0850.mp3,verl,0m,center
verl_0m_center_0853.mp3,verl,0m,center
verl_0m_center_0854.mp3,verl,0m,center
verl_0m_center_0855.mp3,verl,0m,center
verl_0m_center_0856.mp3,verl,0m,center
verl_0m_center_0857.mp3,verl,0m,center
vss_0m_center_0858.mp3,vss,0m,center
vss_0m_center_0860.mp3,vss,0m,center
vss_0m_center_0861.mp3,vss,0m,center
vss_0m_center_0862.mp3,vss,0m,center
vss_0m_center_0863.mp3,vss,0m,center
vss_0m_center_0864.mp3,vss,0m,center
vss_0m_center_0865.mp3,vss,0m,center
vss_0m_center_0866.mp3,vss,0m,center
vss_0m_center_0868.mp3,vss,0m,center
win_0m_center_0869.mp3,win,0m,center
win_0m_center_0870.mp3,win,0m,center
win_0m_center_0872.mp3,win,0m,center
win_0m_center_0873.mp3,win,0m,center
win_0m_center_0875.mp3,win,0m,center
win_0m_center_0877.mp3,win,0m,center
win_0m_center_0878.mp3,win,0m,center
win_0m_center_0879.mp3,win,0m,center
ak_100m_back_0881.mp3,ak,100m,back
ak_100m_back_0882.mp3,ak,100m,back
ak_100m_back_0883.mp3,ak,100m,back
ak_100m_back_0884.mp3,ak,100m,back
ak_100m_back_0885.mp3,ak,100m,back
ak_100m_back_0886.mp3,ak,100m,back
ak_100m_back_0887.mp3,ak,100m,back
ak_100m_back_0888.mp3,ak,100m,back
ak_100m_back_0891.mp3,ak,100m,back
ak_100m_back_0892.mp3,ak,100m,back
ak_100m_back_0893.mp3,ak,100m,back
ak_100m_back_0894.mp3,ak,100m,back
ak_100m_back_0895.mp3,ak,100m,back
ak_100m_back_0896.mp3,ak,100m,back
ak_100m_back_0897.mp3,ak,100m,back
ak_100m_back_0898.mp3,ak,100m,back
ak_100m_back_0899.mp3,ak,100m,back
ak_100m_back_0900.mp3,ak,100m,back
ak_100m_back_0901.mp3,ak,100m,back
ak_100m_back_0902.mp3,ak,100m,back
ak_100m_front_0903.mp3,ak,100m,front
ak_100m_front_0904.mp3,ak,100m,front
ak_100m_front_0905.mp3,ak,100m,front
ak_100m_front_0906.mp3,ak,100m,front
ak_100m_front_0907.mp3,ak,100m,front
ak_100m_front_0908.mp3,ak,100m,front
ak_100m_front_0910.mp3,ak,100m,front
ak_100m_front_0912.mp3,ak,100m,front
ak_100m_front_0913.mp3,ak,100m,front
ak_100m_front_0914.mp3,ak,100m,front
ak_100m_front_0915.mp3,ak,100m,front
ak_100m_front_0917.mp3,ak,100m,front
ak_100m_front_0918.mp3,ak,100m,front
ak_100m_front_0919.mp3,ak,100m,front
ak_100m_left_0920.mp3,ak,100m,left
ak_100m_left_0921.mp3,ak,100m,left
ak_100m_left_0922.mp3,ak,100m,left
ak_100m_left_0923.mp3,ak,100m,left
ak_100m_left_0926.mp3,ak,100m,left
ak_100m_left_0927.mp3,ak,100m,left
ak_100m_left_0928.mp3,ak,100m,left
ak_100m_left_0930.mp3,ak,100m,left
ak_100m_left_0931.mp3,ak,100m,left
ak_100m_left_0932.mp3,ak,100m,left
ak_100m_left_0933.mp3,ak,100m,left
ak_100m_left_0934.mp3,ak,100m,left
ak_100m_left_0935.mp3,ak,100m,left
ak_100m_left_0938.mp3,ak,100m,left
ak_100m_left_0939.mp3,ak,100m,left
ak_100m_left_0940.mp3,ak,100m,left
ak_100m_left_0941.mp3,ak,100m,left
ak_100m_left_0942.mp3,ak,100m,left
ak_100m_left_0943.mp3,ak,100m,left
ak_100m_left_0944.mp3,ak,100m,left
ak_100m_left_0945.mp3,ak,100m,left
ak_100m_right_0946.mp3,ak,100m,right
ak_100m_right_0947.mp3,ak,100m,right
ak_100m_right_0948.mp3,ak,100m,right
ak_100m_right_0949.mp3,ak,100m,right
ak_100m_right_0950.mp3,ak,100m,right
ak_100m_right_0951.mp3,ak,100m,right
ak_100m_right_0952.mp3,ak,100m,right
ak_100m_right_0953.mp3,ak,100m,right
ak_100m_right_0954.mp3,ak,100m,right
ak_100m_right_0955.mp3,ak,100m,right
ak_100m_right_0956.mp3,ak,100m,right
ak_100m_right_0957.mp3,ak,100m,right
ak_100m_right_0958.mp3,ak,100m,right
ak_100m_right_0959.mp3,ak,100m,right
ak_100m_right_0960.mp3,ak,100m,right
ak_100m_right_0961.mp3,ak,100m,right
ak_100m_right_0962.mp3,ak,100m,right
ak_100m_right_0963.mp3,ak,100m,right
ak_100m_right_0964.mp3,ak,100m,right
ak_100m_right_0965.mp3,ak,100m,right
ak_100m_right_0966.mp3,ak,100m,right
ak_200m_back_0967.mp3,ak,200m,back
ak_200m_back_0968.mp3,ak,200m,back
ak_200m_back_0969.mp3,ak,200m,back
ak_200m_back_0971.mp3,ak,200m,back
ak_200m_back_0972.mp3,ak,200m,back
ak_200m_back_0974.mp3,ak,200m,back
ak_200m_back_0975.mp3,ak,200m,back
ak_200m_back_0976.mp3,ak,200m,back
ak_200m_back_0977.mp3,ak,200m,back
ak_200m_back_0978.mp3,ak,200m,back
ak_200m_back_0979.mp3,ak,200m,back
ak_200m_back_0981.mp3,ak,200m,back
ak_200m_back_0982.mp3,ak,200m,back
ak_200m_front_0984.mp3,ak,200m,front
ak_200m_front_0985.mp3,ak,200m,front
ak_200m_front_0986.mp3,ak,200m,front
ak_200m_front_0987.mp3,ak,200m,front
ak_200m_front_0988.mp3,ak,200m,front
ak_200m_front_0989.mp3,ak,200m,front
ak_200m_front_0990.mp3,ak,200m,front
ak_200m_front_0991.mp3,ak,200m,front
ak_200m_front_0992.mp3,ak,200m,front
ak_200m_front_0993.mp3,ak,200m,front
ak_200m_front_0994.mp3,ak,200m,front
ak_200m_front_0996.mp3,ak,200m,front
ak_200m_front_0997.mp3,ak,200m,front
ak_200m_front_0998.mp3,ak,200m,front
ak_200m_front_0999.mp3,ak,200m,front
ak_200m_front_1000.mp3,ak,200m,front
ak_200m_front_1001.mp3,ak,200m,front
ak_200m_front_1002.mp3,ak,200m,front
ak_200m_left_1004.mp3,ak,200m,left
ak_200m_left_1005.mp3,ak,200m,left
ak_200m_left_1006.mp3,ak,200m,left
ak_200m_left_1007.mp3,ak,200m,left
ak_200m_left_1008.mp3,ak,200m,left
ak_200m_left_1009.mp3,ak,200m,left
ak_200m_left_1010.mp3,ak,200m,left
ak_200m_left_1011.mp3,ak,200m,left
ak_200m_left_1012.mp3,ak,200m,left
ak_200m_left_1013.mp3,ak,200m,left
ak_200m_left_1014.mp3,ak,200m,left
ak_200m_left_1016.mp3,ak,200m,left
ak_200m_left_1018.mp3,ak,200m,left
ak_200m_left_1019.mp3,ak,200m,left
ak_200m_left_1020.mp3,ak,200m,left
ak_200m_left_1021.mp3,ak,200m,left
ak_200m_left_1022.mp3,ak,200m,left
ak_200m_left_1023.mp3,ak,200m,left
ak_200m_left_1024.mp3,ak,200m,left
ak_200m_right_1025.mp3,ak,200m,right
ak_200m_right_1026.mp3,ak,200m,right
ak_200m_right_1027.mp3,ak,200m,right
ak_200m_right_1029.mp3,ak,200m,right
ak_200m_right_1030.mp3,ak,200m,right
ak_200m_right_1031.mp3,ak,200m,right
ak_200m_right_1032.mp3,ak,200m,right
ak_200m_right_1033.mp3,ak,200m,right
ak_200m_right_1034.mp3,ak,200m,right
ak_200m_right_1035.mp3,ak,200m,right
ak_200m_right_1036.mp3,ak,200m,right
ak_200m_right_1037.mp3,ak,200m,right
ak_200m_right_1038.mp3,ak,200m,right
ak_200m_right_1039.mp3,ak,200m,right
ak_200m_right_1040.mp3,ak,200m,right
ak_200m_right_1041.mp3,ak,200m,right
ak_200m_right_1042.mp3,ak,200m,right
ak_200m_right_1043.mp3,ak,200m,right
ak_200m_right_1044.mp3,ak,200m,right
ak_400m_back_1045.mp3,ak,400m,back
ak_400m_back_1046.mp3,ak,400m,back
ak_400m_back_1047.mp3,ak,400m,back
ak_400m_back_1048.mp3,ak,400m,back
ak_400m_back_1049.mp3,ak,400m,back
ak_400m_back_1053.mp3,ak,400m,back
ak_400m_back_1054.mp3,ak,400m,back
ak_400m_back_1055.mp3,ak,400m,back
ak_400m_back_1056.mp3,ak,400m,back
ak_400m_back_1057.mp3,ak,400m,back
ak_400m_back_1058.mp3,ak,400m,back
ak_400m_back_1059.mp3,ak,400m,back
ak_400m_back_1061.mp3,ak,400m,back
ak_400m_back_1062.mp3,ak,400m,back
ak_400m_back_1063.mp3,ak,400m,back
ak_400m_back_1064.mp3,ak,400m,back
ak_400m_back_1065.mp3,ak,400m,back
ak_400m_front_1066.mp3,ak,400m,front
ak_400m_front_1067.mp3,ak,400m,front
ak_400m_front_1068.mp3,ak,400m,front
ak_400m_front_1070.mp3,ak,400m,front
ak_400m_front_1071.mp3,ak,400m,front
ak_400m_front_1072.mp3,ak,400m,front
ak_400m_front_1073.mp3,ak,400m,front
ak_400m_front_1074.mp3,ak,400m,front
ak_400m_front_1075.mp3,ak,400m,front
ak_400m_front_1078.mp3,ak,400m,front
ak_400m_front_1080.mp3,ak,400m,front
ak_400m_front_1081.mp3,ak,400m,front
ak_400m_front_1082.mp3,ak,400m,front
ak_400m_front_1083.mp3,ak,400m,front
ak_400m_front_1084.mp3,ak,400m,front
ak_400m_front_1086.mp3,ak,400m,front
ak_400m_left_1087.mp3,ak,400m,left
ak_400m_left_1088.mp3,ak,400m,left
ak_400m_left_1089.mp3,ak,400m,left
ak_400m_left_1090.mp3,ak,400m,left
ak_400m_left_1091.mp3,ak,400m,left
ak_400m_left_1092.mp3,ak,400m,left
ak_400m_left_1093.mp3,ak,400m,left
ak_400m_left_1094.mp3,ak,400m,left
ak_400m_left_1095.mp3,ak,400m,left
ak_400m_left_1096.mp3,ak,400m,left
ak_400m_left_1097.mp3,ak,400m,left
ak_400m_left_1098.mp3,ak,400m,left
ak_400m_left_1099.mp3,ak,400m,left
ak_400m_left_1100.mp3,ak,400m,left
ak_400m_left_1101.mp3,ak,400m,left
ak_400m_left_1102.mp3,ak,400m,left
ak_400m_left_1103.mp3,ak,400m,left
ak_400m_right_1104.mp3,ak,400m,right
ak_400m_right_1105.mp3,ak,400m,right
ak_400m_right_1106.mp3,ak,400m,right
ak_400m_right_1107.mp3,ak,400m,right
ak_400m_right_1108.mp3,ak,400m,right
ak_400m_right_1109.mp3,ak,400m,right
ak_400m_right_1110.mp3,ak,400m,right
ak_400m_right_1111.mp3,ak,400m,right
ak_400m_right_1112.mp3,ak,400m,right
ak_400m_right_1113.mp3,ak,400m,right
ak_400m_right_1114.mp3,ak,400m,right
ak_400m_right_1115.mp3,ak,400m,right
ak_400m_right_1116.mp3,ak,400m,right
ak_400m_right_1117.mp3,ak,400m,right
ak_400m_right_1118.mp3,ak,400m,right
ak_400m_right_1119.mp3,ak,400m,right
ak_400m_right_1120.mp3,ak,400m,right
ak_400m_right_1121.mp3,ak,400m,right
ak_400m_right_1122.mp3,ak,400m,right
ak_400m_right_1123.mp3,ak,400m,right
ak_400m_right_1124.mp3,ak,400m,right
ak_50m_back_1125.mp3,ak,50m,back
ak_50m_back_1126.mp3,ak,50m,back
ak_50m_back_1127.mp3,ak,50m,back
ak_50m_back_1128.mp3,ak,50m,back
ak_50m_back_1129.mp3,ak,50m,back
ak_50m_back_1132.mp3,ak,50m,back
ak_50m_back_1134.mp3,ak,50m,back
ak_50m_back_1135.mp3,ak,50m,back
ak_50m_back_1136.mp3,ak,50m,back
ak_50m_back_1137.mp3,ak,50m,back
ak_50m_back_1138.mp3,ak,50m,back
ak_50m_back_1139.mp3,ak,50m,back
ak_50m_back_1141.mp3,ak,50m,back
ak_50m_back_1142.mp3,ak,50m,back
ak_50m_back_1143.mp3,ak,50m,back
ak_50m_back_1144.mp3,ak,50m,back
ak_50m_front_1146.mp3,ak,50m,front
ak_50m_front_1147.mp3,ak,50m,front
ak_50m_front_1148.mp3,ak,50m,front
ak_50m_front_1149.mp3,ak,50m,front
ak_50m_front_1150.mp3,ak,50m,front
ak_50m_front_1152.mp3,ak,50m,front
ak_50m_front_1153.mp3,ak,50m,front
ak_50m_front_1154.mp3,ak,50m,front
ak_50m_front_1155.mp3,ak,50m,front
ak_50m_front_1156.mp3,ak,50m,front
ak_50m_front_1157.mp3,ak,50m,front
ak_50m_front_1159.mp3,ak,50m,front
ak_50m_front_1160.mp3,ak,50m,front
ak_50m_front_1162.mp3,ak,50m,front
ak_50m_front_1163.mp3,ak,50m,front
ak_50m_front_1164.mp3,ak,50m,front
ak_50m_left_1165.mp3,ak,50m,left
ak_50m_left_1167.mp3,ak,50m,left
ak_50m_left_1168.mp3,ak,50m,left
ak_50m_left_1169.mp3,ak,50m,left
ak_50m_left_1170.mp3,ak,50m,left
ak_50m_left_1171.mp3,ak,50m,left
ak_50m_left_1172.mp3,ak,50m,left
ak_50m_left_1173.mp3,ak,50m,left
ak_50m_left_1174.mp3,ak,50m,left
ak_50m_left_1175.mp3,ak,50m,left
ak_50m_left_1176.mp3,ak,50m,left
ak_50m_left_1177.mp3,ak,50m,left
ak_50m_left_1178.mp3,ak,50m,left
ak_50m_left_1180.mp3,ak,50m,left
ak_50m_left_1181.mp3,ak,50m,left
ak_50m_left_1182.mp3,ak,50m,left
ak_50m_left_1183.mp3,ak,50m,left
ak_50m_right_1185.mp3,ak,50m,right
ak_50m_right_1186.mp3,ak,50m,right
ak_50m_right_1187.mp3,ak,50m,right
ak_50m_right_1188.mp3,ak,50m,right
ak_50m_right_1189.mp3,ak,50m,right
ak_50m_right_1190.mp3,ak,50m,right
ak_50m_right_1191.mp3,ak,50m,right
ak_50m_right_1192.mp3,ak,50m,right
ak_50m_right_1194.mp3,ak,50m,right
ak_50m_right_1195.mp3,ak,50m,right
ak_50m_right_1197.mp3,ak,50m,right
ak_50m_right_1198.mp3,ak,50m,right
ak_50m_right_1199.mp3,ak,50m,right
ak_50m_right_1200.mp3,ak,50m,right
ak_50m_right_1201.mp3,ak,50m,right
ak_50m_right_1203.mp3,ak,50m,right
ak_600m_back_1204.mp3,ak,600m,back
ak_600m_back_1205.mp3,ak,600m,back
ak_600m_back_1206.mp3,ak,600m,back
ak_600m_back_1207.mp3,ak,600m,back
ak_600m_back_1208.mp3,ak,600m,back
ak_600m_back_1209.mp3,ak,600m,back
ak_600m_back_1210.mp3,ak,600m,back
ak_600m_back_1211.mp3,ak,600m,back
ak_600m_back_1212.mp3,ak,600m,back
ak_600m_back_1213.mp3,ak,600m,back
ak_600m_back_1215.mp3,ak,600m,back
ak_600m_back_1216.mp3,ak,600m,back
ak_600m_back_1217.mp3,ak,600m,back
ak_600m_back_1219.mp3,ak,600m,back
ak_600m_back_1220.mp3,ak,600m,back
ak_600m_back_1221.mp3,ak,600m,back
ak_600m_back_1222.mp3,ak,600m,back
ak_600m_front_1223.mp3,ak,600m,front
ak_600m_front_1224.mp3,ak,600m,front
ak_600m_front_1225.mp3,ak,600m,front
ak_600m_front_1226.mp3,ak,600m,front
ak_600m_front_1227.mp3,ak,600m,front
ak_600m_front_1229.mp3,ak,600m,front
ak_600m_front_1230.mp3,ak,600m,front
ak_600m_front_1231.mp3,ak,600m,front
ak_600m_front_1232.mp3,ak,600m,front
ak_600m_front_1233.mp3,ak,600m,front
ak_600m_front_1234.mp3,ak,600m,front
ak_600m_front_1236.mp3,ak,600m,front
ak_600m_front_1237.mp3,ak,600m,front
ak_600m_front_1238.mp3,ak,600m,front
ak_600m_front_1240.mp3,ak,600m,front
ak_600m_left_1242.mp3,ak,600m,left
ak_600m_left_1243.mp3,ak,600m,left
ak_600m_left_1244.mp3,ak,600m,left
ak_600m_left_1246.mp3,ak,600m,left
ak_600m_left_1247.mp3,ak,600m,left
ak_600m_left_1248.mp3,ak,600m,left
ak_600m_left_1249.mp3,ak,600m,left
ak_600m_left_1250.mp3,ak,600m,left
ak_600m_left_1251.mp3,ak,600m,left
ak_600m_left_1252.mp3,ak,600m,left
ak_600m_left_1253.mp3,ak,600m,left
ak_600m_left_1254.mp3,ak,600m,left
ak_600m_left_1255.mp3,ak,600m,left
ak_600m_left_1256.mp3,ak,600m,left
ak_600m_left_1257.mp3,ak,600m,left
ak_600m_left_1258.mp3,ak,600m,left
ak_600m_left_1259.mp3,ak,600m,left
ak_600m_left_1260.mp3,ak,600m,left
ak_600m_left_1261.mp3,ak,600m,left
ak_600m_right_1262.mp3,ak,600m,right
ak_600m_right_1263.mp3,ak,600m,right
ak_600m_right_1264.mp3,ak,600m,right
ak_600m_right_1265.mp3,ak,600m,right
ak_600m_right_1266.mp3,ak,600m,right
ak_600m_right_1268.mp3,ak,600m,right
ak_600m_right_1269.mp3,ak,600m,right
ak_600m_right_1270.mp3,ak,600m,right
ak_600m_right_1271.mp3,ak,600m,right
ak_600m_right_1272.mp3,ak,600m,right
ak_600m_right_1273.mp3,ak,600m,right
ak_600m_right_1274.mp3,ak,600m,right
ak_600m_right_1275.mp3,ak,600m,right
ak_600m_right_1276.mp3,ak,600m,right
ak_600m_right_1277.mp3,ak,600m,right
ak_600m_right_1278.mp3,ak,600m,right
kar_0m_center_1280.mp3,kar,0m,center
kar_0m_center_1281.mp3,kar,0m,center
kar_0m_center_1283.mp3,kar,0m,center
kar_0m_center_1284.mp3,kar,0m,center
kar_0m_center_1288.mp3,kar,0m,center
kar_0m_center_1290.mp3,kar,0m,center
kar_0m_center_1291.mp3,kar,0m,center
kar_0m_center_1292.mp3,kar,0m,center
kar_0m_center_1293.mp3,kar,0m,center
kar_0m_center_1294.mp3,kar,0m,center
kar_0m_center_1295.mp3,kar,0m,center
kar_0m_center_1296.mp3,kar,0m,center
kar_0m_center_1297.mp3,kar,0m,center
m4_100m_back_1299.mp3,m4,100m,back
m4_100m_back_1300.mp3,m4,100m,back
m4_100m_back_1301.mp3,m4,100m,back
m4_100m_back_1302.mp3,m4,100m,back
m4_100m_back_1304.mp3,m4,100m,back
m4_100m_back_1306.mp3,m4,100m,back
m4_100m_back_1308.mp3,m4,100m,back
m4_100m_back_1309.mp3,m4,100m,back
m4_100m_back_1310.mp3,m4,100m,back
m4_100m_back_1311.mp3,m4,100m,back
m4_100m_back_1312.mp3,m4,100m,back
m4_100m_back_1313.mp3,m4,100m,back
m4_100m_back_1314.mp3,m4,100m,back
m4_100m_back_1316.mp3,m4,100m,back
m4_100m_back_1317.mp3,m4,100m,back
m4_100m_back_1318.mp3,m4,100m,back
m4_100m_back_1320.mp3,m4,100m,back
m4_100m_back_1322.mp3,m4,100m,back
m4_100m_back_1324.mp3,m4,100m,back
m4_100m_back_1325.mp3,m4,100m,back
m4_100m_back_1326.mp3,m4,100m,back
m4_100m_back_1327.mp3,m4,100m,back
m4_100m_back_1328.mp3,m4,100m,back
m4_100m_back_1329.mp3,m4,100m,back
m4_200m_back_1330.mp3,m4,200m,back
m4_200m_back_1331.mp3,m4,200m,back
m4_200m_back_1332.mp3,m4,200m,back
m4_200m_back_1333.mp3,m4,200m,back
m4_200m_back_1334.mp3,m4,200m,back
m4_200m_back_1337.mp3,m4,200m,back
m4_200m_back_1338.mp3,m4,200m,back
m4_200m_back_1339.mp3,m4,200m,back
m4_200m_back_1340.mp3,m4,200m,back
m4_200m_back_1341.mp3,m4,200m,back
m4_200m_back_1342.mp3,m4,200m,back
m4_200m_back_1343.mp3,m4,200m,back
m4_200m_back_1344.mp3,m4,200m,back
m4_200m_back_1345.mp3,m4,200m,back
m4_200m_back_1346.mp3,m4,200m,back
m4_200m_back_1347.mp3,m4,200m,back
m4_200m_back_1348.mp3,m4,200m,back
m4_200m_back_1349.mp3,m4,200m,back
m4_200m_front_1350.mp3,m4,200m,front
m4_200m_front_1353.mp3,m4,200m,front
m4_200m_front_1354.mp3,m4,200m,front
m4_200m_front_1355.mp3,m4,200m,front
m4_200m_front_1358.mp3,m4,200m,front
m4_200m_front_1359.mp3,m4,200m,front
m4_200m_front_1360.mp3,m4,200m,front
m4_200m_front_1361.mp3,m4,200m,front
m4_200m_front_1363.mp3,m4,200m,front
m4_200m_front_1364.mp3,m4,200m,front
m4_200m_front_1365.mp3,m4,200m,front
m4_200m_front_1366.mp3,m4,200m,front
m4_200m_front_1368.mp3,m4,200m,front
m4_200m_front_1369.mp3,m4,200m,front
m4_200m_front_1370.mp3,m4,200m,front
m4_200m_front_1371.mp3,m4,200m,front
m4_200m_left_1373.mp3,m4,200m,left
m4_200m_left_1374.mp3,m4,200m,left
m4_200m_left_1375.mp3,m4,200m,left
m4_200m_left_1376.mp3,m4,200m,left
m4_200m_left_1377.mp3,m4,200m,left
m4_200m_left_1378.mp3,m4,200m,left
m4_200m_left_1379.mp3,m4,200m,left
m4_200m_left_1380.mp3,m4,200m,left
m4_200m_left_1381.mp3,m4,200m,left
m4_200m_left_1383.mp3,m4,200m,left
m4_200m_left_1384.mp3,m4,200m,left
m4_200m_left_1385.mp3,m4,200m,left
m4_200m_left_1386.mp3,m4,200m,left
m4_200m_left_1387.mp3,m4,200m,left
m4_200m_left_1388.mp3,m4,200m,left
m4_200m_left_1389.mp3,m4,200m,left
m4_200m_left_1390.mp3,m4,200m,left
m4_200m_left_1391.mp3,m4,200m,left
m4_200m_right_1392.mp3,m4,200m,right
m4_200m_right_1394.mp3,m4,200m,right
m4_200m_right_1396.mp3,m4,200m,right
m4_200m_right_1398.mp3,m4,200m,right
m4_200m_right_1399.mp3,m4,200m,right
m4_200m_right_1400.mp3,m4,200m,right
m4_200m_right_1401.mp3,m4,200m,right
m4_200m_right_1402.mp3,m4,200m,right
m4_200m_right_1403.mp3,m4,200m,right
m4_200m_right_1404.mp3,m4,200m,right
m4_200m_right_1405.mp3,m4,200m,right
m4_200m_right_1406.mp3,m4,200m,right
m4_200m_right_1408.mp3,m4,200m,right
m4_200m_right_1409.mp3,m4,200m,right
m4_200m_right_1411.mp3,m4,200m,right
m4_200m_right_1412.mp3,m4,200m,right
m4_400m_back_1413.mp3,m4,400m,back
m4_400m_back_1415.mp3,m4,400m,back
m4_400m_back_1416.mp3,m4,400m,back
m4_400m_back_1417.mp3,m4,400m,back
m4_400m_back_1418.mp3,m4,400m,back
m4_400m_back_1419.mp3,m4,400m,back
m4_400m_back_1420.mp3,m4,400m,back
m4_400m_back_1421.mp3,m4,400m,back
m4_400m_back_1422.mp3,m4,400m,back
m4_400m_back_1423.mp3,m4,400m,back
m4_400m_back_1424.mp3,m4,400m,back
m4_400m_back_1425.mp3,m4,400m,back
m4_400m_back_1426.mp3,m4,400m,back
m4_400m_back_1427.mp3,m4,400m,back
m4_400m_back_1428.mp3,m4,400m,back
m4_400m_back_1429.mp3,m4,400m,back
m4_400m_back_1430.mp3,m4,400m,back
m4_400m_back_1431.mp3,m4,400m,back
m4_400m_front_1433.mp3,m4,400m,front
m4_400m_front_1434.mp3,m4,400m,front
m4_400m_front_1435.mp3,m4,400m,front
m4_400m_front_1436.mp3,m4,400m,front
m4_400m_front_1437.mp3,m4,400m,front
m4_400m_front_1438.mp3,m4,400m,front
m4_400m_front_1439.mp3,m4,400m,front
m4_400m_front_1440.mp3,m4,400m,front
m4_400m_front_1441.mp3,m4,400m,front
m4_400m_front_1442.mp3,m4,400m,front
m4_400m_front_1443.mp3,m4,400m,front
m4_400m_front_1444.mp3,m4,400m,front
m4_400m_front_1445.mp3,m4,400m,front
m4_400m_front_1447.mp3,m4,400m,front
m4_400m_front_1448.mp3,m4,400m,front
m4_400m_left_1450.mp3,m4,400m,left
m4_400m_left_1451.mp3,m4,400m,left
m4_400m_left_1452.mp3,m4,400m,left
m4_400m_left_1453.mp3,m4,400m,left
m4_400m_left_1454.mp3,m4,400m,left
m4_400m_left_1456.mp3,m4,400m,left
m4_400m_left_1459.mp3,m4,400m,left
m4_400m_left_1460.mp3,m4,400m,left
m4_400m_left_1461.mp3,m4,400m,left
m4_400m_left_1462.mp3,m4,400m,left
m4_400m_left_1463.mp3,m4,400m,left
m4_400m_left_1465.mp3,m4,400m,left
m4_400m_left_1466.mp3,m4,400m,left
m4_400m_left_1468.mp3,m4,400m,left
m4_400m_left_1469.mp3,m4,400m,left
m4_400m_left_1470.mp3,m4,400m,left
m4_400m_left_1471.mp3,m4,400m,left
m4_400m_right_1473.mp3,m4,400m,right
m4_400m_right_1474.mp3,m4,400m,right
m4_400m_right_1475.mp3,m4,400m,right
m4_400m_right_1476.mp3,m4,400m,right
m4_400m_right_1477.mp3,m4,400m,right
m4_400m_right_1479.mp3,m4,400m,right
m4_400m_right_1480.mp3,m4,400m,right
m4_400m_right_1481.mp3,m4,400m,right
m4_400m_right_1483.mp3,m4,400m,right
m4_400m_right_1484.mp3,m4,400m,right
m4_400m_right_1485.mp3,m4,400m,right
m4_400m_right_1486.mp3,m4,400m,right
m4_400m_right_1487.mp3,m4,400m,right
m4_400m_right_1488.mp3,m4,400m,right
m4_400m_right_1489.mp3,m4,400m,right
m4_400m_right_1490.mp3,m4,400m,right
m4_50m_back_1491.mp3,m4,50m,back
m4_50m_back_1492.mp3,m4,50m,back
m4_50m_back_1493.mp3,m4,50m,back
m4_50m_back_1494.mp3,m4,50m,back
m4_50m_back_1496.mp3,m4,50m,back
m4_50m_back_1498.mp3,m4,50m,back
m4_50m_back_1499.mp3,m4,50m,back
m4_50m_back_1500.mp3,m4,50m,back
m4_50m_back_1501.mp3,m4,50m,back
m4_50m_back_1502.mp3,m4,50m,back
m4_50m_back_1503.mp3,m4,50m,back
m4_50m_back_1504.mp3,m4,50m,back
m4_50m_back_1505.mp3,m4,50m,back
m4_50m_back_1506.mp3,m4,50m,back
m4_50m_back_1509.mp3,m4,50m,back
m4_50m_back_1510.mp3,m4,50m,back
m4_50m_back_1511.mp3,m4,50m,back
m4_50m_front_1512.mp3,m4,50m,front
m4_50m_front_1513.mp3,m4,50m,front
m4_50m_front_1514.mp3,m4,50m,front
m4_50m_front_1515.mp3,m4,50m,front
m4_50m_front_1516.mp3,m4,50m,front
m4_50m_front_1517.mp3,m4,50m,front
m4_50m_front_1518.mp3,m4,50m,front
m4_50m_front_1519.mp3,m4,50m,front
m4_50m_front_1521.mp3,m4,50m,front
m4_50m_front_1522.mp3,m4,50m,front
m4_50m_front_1524.mp3,m4,50m,front
m4_50m_left_1525.mp3,m4,50m,left
m4_50m_left_1526.mp3,m4,50m,left
m4_50m_left_1527.mp3,m4,50m,left
m4_50m_left_1528.mp3,m4,50m,left
m4_50m_left_1530.mp3,m4,50m,left
m4_50m_left_1531.mp3,m4,50m,left
m4_50m_left_1533.mp3,m4,50m,left
m4_50m_left_1534.mp3,m4,50m,left
m4_50m_left_1535.mp3,m4,50m,left
m4_50m_left_1536.mp3,m4,50m,left
m4_50m_left_1537.mp3,m4,50m,left
m4_50m_left_1539.mp3,m4,50m,left
m4_50m_right_1540.mp3,m4,50m,right
m4_50m_right_1541.mp3,m4,50m,right
m4_50m_right_1542.mp3,m4,50m,right
m4_50m_right_1544.mp3,m4,50m,right
m4_50m_right_1545.mp3,m4,50m,right
m4_50m_right_1546.mp3,m4,50m,right
m4_50m_right_1547.mp3,m4,50m,right
m4_50m_right_1548.mp3,m4,50m,right
m4_50m_right_1549.mp3,m4,50m,right
m4_50m_right_1550.mp3,m4,50m,right
m4_50m_right_1552.mp3,m4,50m,right
m4_600m_back_1553.mp3,m4,600m,back
m4_600m_back_1554.mp3,m4,600m,back
m4_600m_back_1555.mp3,m4,600m,back
m4_600m_back_1557.mp3,m4,600m,back
m4_600m_back_1558.mp3,m4,600m,back
m4_600m_back_1559.mp3,m4,600m,back
m4_600m_back_1560.mp3,m4,600m,back
m4_600m_back_1561.mp3,m4,600m,back
m4_600m_back_1563.mp3,m4,600m,back
m4_600m_back_1564.mp3,m4,600m,back
m4_600m_back_1566.mp3,m4,600m,back
m4_600m_back_1568.mp3,m4,600m,back
m4_600m_back_1569.mp3,m4,600m,back
m4_600m_back_1570.mp3,m4,600m,back
m4_600m_front_1571.mp3,m4,600m,front
m4_600m_front_1572.mp3,m4,600m,front
m4_600m_front_1573.mp3,m4,600m,front
m4_600m_front_1574.mp3,m4,600m,front
m4_600m_front_1575.mp3,m4,600m,front
m4_600m_front_1577.mp3,m4,600m,front
m4_600m_front_1578.mp3,m4,600m,front
m4_600m_front_1579.mp3,m4,600m,front
m4_600m_front_1580.mp3,m4,600m,front
m4_600m_front_1581.mp3,m4,600m,front
m4_600m_front_1582.mp3,m4,600m,front
m4_600m_front_1583.mp3,m4,600m,front
m4_600m_front_1584.mp3,m4,600m,front
m4_600m_front_1585.mp3,m4,600m,front
m4_600m_front_1586.mp3,m4,600m,front
m4_600m_front_1587.mp3,m4,600m,front
m4_600m_front_1588.mp3,m4,600m,front
m4_600m_front_1589.mp3,m4,600m,front
m4_600m_left_1591.mp3,m4,600m,left
m4_600m_left_1592.mp3,m4,600m,left
m4_600m_left_1593.mp3,m4,600m,left
m4_600m_left_1594.mp3,m4,600m,left
m4_600m_left_1595.mp3,m4,600m,left
m4_600m_left_1596.mp3,m4,600m,left
m4_600m_left_1597.mp3,m4,600m,left
m4_600m_left_1598.mp3,m4,600m,left
m4_600m_left_1599.mp3,m4,600m,left
m4_600m_left_1600.mp3,m4,600m,left
m4_600m_left_1602.mp3,m4,600m,left
m4_600m_left_1603.mp3,m4,600m,left
m4_600m_left_1605.mp3,m4,600m,left
m4_600m_left_1606.mp3,m4,600m,left
m4_600m_left_1607.mp3,m4,600m,left
m4_600m_left_1608.mp3,m4,600m,left
m4_600m_left_1609.mp3,m4,600m,left
m4_600m_right_1610.mp3,m4,600m,right
m4_600m_right_1611.mp3,m4,600m,right
m4_600m_right_1614.mp3,m4,600m,right
m4_600m_right_1615.mp3,m4,600m,right
m4_600m_right_1616.mp3,m4,600m,right
m4_600m_right_1617.mp3,m4,600m,right
m4_600m_right_1618.mp3,m4,600m,right
m4_600m_right_1619.mp3,m4,600m,right
m4_600m_right_1620.mp3,m4,600m,right
m4_600m_right_1621.mp3,m4,600m,right
m4_600m_right_1622.mp3,m4,600m,right
m4_600m_right_1623.mp3,m4,600m,right
m4_600m_right_1624.mp3,m4,600m,right
m4_600m_right_1625.mp3,m4,600m,right
m4_600m_right_1626.mp3,m4,600m,right
m4_600m_right_1627.mp3,m4,600m,right
p90_0m_center_1628.mp3,p90,0m,center
p90_0m_center_1630.mp3,p90,0m,center
p90_0m_center_1631.mp3,p90,0m,center
p90_0m_center_1633.mp3,p90,0m,center
p90_0m_center_1634.mp3,p90,0m,center
p90_0m_center_1636.mp3,p90,0m,center
p90_0m_center_1637.mp3,p90,0m,center
p90_0m_center_1638.mp3,p90,0m,center
p90_0m_center_1639.mp3,p90,0m,center
p90_0m_center_1640.mp3,p90,0m,center
p90_0m_center_1641.mp3,p90,0m,center
p90_0m_center_1643.mp3,p90,0m,center
p90_0m_center_1644.mp3,p90,0m,center
p90_0m_center_1645.mp3,p90,0m,center
p90_0m_center_1646.mp3,p90,0m,center
p90_0m_center_1647.mp3,p90,0m,center
p90_0m_center_1648.mp3,p90,0m,center
p90_0m_center_1651.mp3,p90,0m,center
p90_0m_center_1652.mp3,p90,0m,center
p90_0m_center_1653.mp3,p90,0m,center
p90_0m_center_1655.mp3,p90,0m,center
p90_0m_center_1657.mp3,p90,0m,center
sks_0m_center_1658.mp3,sks,0m,center
sks_0m_center_1660.mp3,sks,0m,center
sks_0m_center_1662.mp3,sks,0m,center
sks_0m_center_1663.mp3,sks,0m,center
sks_0m_center_1664.mp3,sks,0m,center
sks_0m_center_1665.mp3,sks,0m,center
sks_0m_center_1666.mp3,sks,0m,center
sks_0m_center_1667.mp3,sks,0m,center
sks_0m_center_1668.mp3,sks,0m,center
sks_0m_center_1669.mp3,sks,0m,center
sks_0m_center_1670.mp3,sks,0m,center
sks_0m_center_1672.mp3,sks,0m,center
sks_0m_center_1673.mp3,sks,0m,center
sks_0m_center_1674.mp3,sks,0m,center
sks_0m_center_1675.mp3,sks,0m,center
sks_0m_center_1678.mp3,sks,0m,center
slr_0m_center_1679.mp3,slr,0m,center
slr_0m_center_1680.mp3,slr,0m,center
slr_0m_center_1681.mp3,slr,0m,center
slr_0m_center_1682.mp3,slr,0m,center
slr_0m_center_1683.mp3,slr,0m,center
slr_0m_center_1684.mp3,slr,0m,center
slr_0m_center_1685.mp3,slr,0m,center
slr_0m_center_1686.mp3,slr,0m,center
slr_0m_center_1687.mp3,slr,0m,center
slr_0m_center_1689.mp3,slr,0m,center
slr_0m_center_1690.mp3,slr,0m,center
slr_0m_center_1691.mp3,slr,0m,center
slr_0m_center_1692.mp3,slr,0m,center
slr_0m_center_1693.mp3,slr,0m,center
slr_0m_center_1694.mp3,slr,0m,center
slr_0m_center_1695.mp3,slr,0m,center
slr_0m_center_1696.mp3,slr,0m,center
slr_0m_center_1697.mp3,slr,0m,center
slr_0m_center_1698.mp3,slr,0m,center
slr_0m_center_1699.mp3,slr,0m,center
slr_0m_center_1700.mp3,slr,0m,center
slr_0m_center_1701.mp3,slr,0m,center
slr_0m_center_1702.mp3,slr,0m,center
slr_0m_center_1703.mp3,slr,0m,center
slr_0m_center_1704.mp3,slr,0m,center
slr_0m_center_1705.mp3,slr,0m,center
slr_0m_center_1707.mp3,slr,0m,center
slr_0m_center_1708.mp3,slr,0m,center
slr_0m_center_1709.mp3,slr,0m,center
slr_0m_center_1710.mp3,slr,0m,center
slr_0m_center_1712.mp3,slr,0m,center
slr_0m_center_1713.mp3,slr,0m,center
slr_0m_center_1714.mp3,slr,0m,center
slr_0m_center_1716.mp3,slr,0m,center
vss_0m_center_1718.mp3,vss,0m,center
vss_0m_center_1719.mp3,vss,0m,center
vss_0m_center_1720.mp3,vss,0m,center
vss_0m_center_1721.mp3,vss,0m,center
vss_0m_center_1722.mp3,vss,0m,center
vss_0m_center_1723.mp3,vss,0m,center
vss_0m_center_1724.mp3,vss,0m,center
vss_0m_center_1726.mp3,vss,0m,center
vss_0m_center_1727.mp3,vss,0m,center
vss_0m_center_1728.mp3,vss,0m,center
vss_0m_center_1730.mp3,vss,0m,center
vss_0m_center_1731.mp3,vss,0m,center
vss_0m_center_1732.mp3,vss,0m,center
vss_0m_center_1733.mp3,vss,0m,center
vss_0m_center_1734.mp3,vss,0m,center
vss_0m_center_1736.mp3,vss,0m,center
vss_0m_center_1737.mp3,vss,0m,center
vss_0m_center_1739.mp3,vss,0m,center
vss_0m_center_1740.mp3,vss,0m,center
vss_0m_center_1742.mp3,vss,0m,center
dbs_0m_center_1744.mp3,dbs,0m,center
dbs_0m_center_1745.mp3,dbs,0m,center
dbs_0m_center_1748.mp3,dbs,0m,center
dbs_0m_center_1750.mp3,dbs,0m,center
dbs_0m_center_1751.mp3,dbs,0m,center
dbs_0m_center_1752.mp3,dbs,0m,center
dbs_0m_center_1757.mp3,dbs,0m,center
deagle_0m_center_1758.mp3,deagle,0m,center
deagle_0m_center_1759.mp3,deagle,0m,center
deagle_0m_center_1761.mp3,deagle,0m,center
deagle_0m_center_1762.mp3,deagle,0m,center
deagle_0m_center_1763.mp3,deagle,0m,center
deagle_0m_center_1764.mp3,deagle,0m,center
deagle_0m_center_1768.mp3,deagle,0m,center
deagle_0m_center_1769.mp3,deagle,0m,center
deagle_0m_center_1771.mp3,deagle,0m,center
deagle_0m_center_1772.mp3,deagle,0m,center
deagle_0m_center_1773.mp3,deagle,0m,center
deagle_0m_center_1774.mp3,deagle,0m,center
deagle_0m_center_1775.mp3,deagle,0m,center
deagle_0m_center_1778.mp3,deagle,0m,center
deagle_0m_center_1780.mp3,deagle,0m,center
deagle_0m_center_1781.mp3,deagle,0m,center
deagle_0m_center_1782.mp3,deagle,0m,center
deagle_0m_center_1783.mp3,deagle,0m,center
dp_0m_center_1784.mp3,dp,0m,center
dp_0m_center_1785.mp3,dp,0m,center
dp_0m_center_1786.mp3,dp,0m,center
dp_0m_center_1787.mp3,dp,0m,center
dp_0m_center_1790.mp3,dp,0m,center
dp_0m_center_1791.mp3,dp,0m,center
dp_0m_center_1794.mp3,dp,0m,center
dp_0m_center_1795.mp3,dp,0m,center
dp_0m_center_1798.mp3,dp,0m,center
dp_0m_center_1799.mp3,dp,0m,center
g36c_0m_center_1800.mp3,g36c,0m,center
g36c_0m_center_1801.mp3,g36c,0m,center
g36c_0m_center_1802.mp3,g36c,0m,center
g36c_0m_center_1803.mp3,g36c,0m,center
g36c_0m_center_1805.mp3,g36c,0m,center
g36c_0m_center_1806.mp3,g36c,0m,center
g36c_0m_center_1807.mp3,g36c,0m,center
g36c_0m_center_1808.mp3,g36c,0m,center
g36c_0m_center_1809.mp3,g36c,0m,center
g36c_0m_center_1812.mp3,g36c,0m,center
m24_0m_center_1815.mp3,m24,0m,center
m24_0m_center_1818.mp3,m24,0m,center
m24_0m_center_1821.mp3,m24,0m,center
m24_0m_center_1825.mp3,m24,0m,center
m24_0m_center_1826.mp3,m24,0m,center
m24_0m_center_1828.mp3,m24,0m,center
mk_0m_center_1829.mp3,mk,0m,center
mk_0m_center_1831.mp3,mk,0m,center
mk_0m_center_1833.mp3,mk,0m,center
mk_0m_center_1834.mp3,mk,0m,center
mk_0m_center_1835.mp3,mk,0m,center
mk_0m_center_1836.mp3,mk,0m,center
mk_0m_center_1838.mp3,mk,0m,center
mk_0m_center_1841.mp3,mk,0m,center
p1911_0m_center_1842.mp3,p1911,0m,center
p1911_0m_center_1843.mp3,p1911,0m,center
p1911_0m_center_1844.mp3,p1911,0m,center
p1911_0m_center_1845.mp3,p1911,0m,center
p1911_0m_center_1847.mp3,p1911,0m,center
p1911_0m_center_1848.mp3,p1911,0m,center
p1911_0m_center_1850.mp3,p1911,0m,center
p1911_0m_center_1852.mp3,p1911,0m,center
p1911_0m_center_1853.mp3,p1911,0m,center
p1911_0m_center_1854.mp3,p1911,0m,center
p1911_0m_center_1855.mp3,p1911,0m,center
p1911_0m_center_1857.mp3,p1911,0m,center
p92_0m_center_1858.mp3,p92,0m,center
p92_0m_center_1859.mp3,p92,0m,center
p92_0m_center_1860.mp3,p92,0m,center
p92_0m_center_1861.mp3,p92,0m,center
p92_0m_center_1862.mp3,p92,0m,center
p92_0m_center_1863.mp3,p92,0m,center
p92_0m_center_1866.mp3,p92,0m,center
p92_0m_center_1867.mp3,p92,0m,center
p92_0m_center_1868.mp3,p92,0m,center
p92_0m_center_1869.mp3,p92,0m,center
p92_0m_center_1870.mp3,p92,0m,center
p92_0m_center_1871.mp3,p92,0m,center
p92_0m_center_1872.mp3,p92,0m,center
p92_0m_center_1874.mp3,p92,0m,center
p92_0m_center_1877.mp3,p92,0m,center
p92_0m_center_1878.mp3,p92,0m,center
p92_0m_center_1881.mp3,p92,0m,center
p92_0m_center_1882.mp3,p92,0m,center
p92_0m_center_1884.mp3,p92,0m,center
pp_0m_center_1885.mp3,pp,0m,center
pp_0m_center_1887.mp3,pp,0m,center
pp_0m_center_1888.mp3,pp,0m,center
pp_0m_center_1889.mp3,pp,0m,center
pp_0m_center_1890.mp3,pp,0m,center
pp_0m_center_1892.mp3,pp,0m,center
pp_0m_center_1893.mp3,pp,0m,center
pp_0m_center_1894.mp3,pp,0m,center
pp_0m_center_1895.mp3,pp,0m,center
pp_0m_center_1897.mp3,pp,0m,center
pp_0m_center_1898.mp3,pp,0m,center
pp_0m_center_1900.mp3,pp,0m,center
pp_0m_center_1901.mp3,pp,0m,center
pump_0m_center_1903.mp3,pump,0m,center
pump_0m_center_1905.mp3,pump,0m,center
pump_0m_center_1906.mp3,pump,0m,center
pump_0m_center_1907.mp3,pump,0m,center
pump_0m_center_1908.mp3,pump,0m,center
pump_0m_center_1909.mp3,pump,0m,center
pump_0m_center_1910.mp3,pump,0m,center
pump_0m_center_1912.mp3,pump,0m,center
pump_0m_center_1913.mp3,pump,0m,center
pump_0m_center_1915.mp3,pump,0m,center
pump_0m_center_1916.mp3,pump,0m,center
qbu_0m_center_1918.mp3,qbu,0m,center
qbu_0m_center_1919.mp3,qbu,0m,center
qbu_0m_center_1920.mp3,qbu,0m,center
qbu_0m_center_1921.mp3,qbu,0m,center
qbu_0m_center_1924.mp3,qbu,0m,center
qbu_0m_center_1925.mp3,qbu,0m,center
qbu_0m_center_1926.mp3,qbu,0m,center
qbu_0m_center_1927.mp3,qbu,0m,center
qbu_0m_center_1929.mp3,qbu,0m,center
qbu_0m_center_1930.mp3,qbu,0m,center
qbu_0m_center_1932.mp3,qbu,0m,center
r1895_0m_center_1936.mp3,r1895,0m,center
r1895_0m_center_1937.mp3,r1895,0m,center
r1895_0m_center_1938.mp3,r1895,0m,center
r1895_0m_center_1939.mp3,r1895,0m,center
r1895_0m_center_1940.mp3,r1895,0m,center
r1895_0m_center_1941.mp3,r1895,0m,center
r1895_0m_center_1942.mp3,r1895,0m,center
r1895_0m_center_1944.mp3,r1895,0m,center
r1895_0m_center_1945.mp3,r1895,0m,center
r1895_0m_center_1947.mp3,r1895,0m,center
r1895_0m_center_1949.mp3,r1895,0m,center
r1895_0m_center_1950.mp3,r1895,0m,center
r1895_0m_center_1951.mp3,r1895,0m,center
r45_0m_center_1956.mp3,r45,0m,center
r45_0m_center_1959.mp3,r45,0m,center
r45_0m_center_1960.mp3,r45,0m,center
r45_0m_center_1961.mp3,r45,0m,center
r45_0m_center_1963.mp3,r45,0m,center
r45_0m_center_1967.mp3,r45,0m,center
r45_0m_center_1968.mp3,r45,0m,center
r45_0m_center_1969.mp3,r45,0m,center
r45_0m_center_1970.mp3,r45,0m,center
r45_0m_center_1971.mp3,r45,0m,center
r45_0m_center_1972.mp3,r45,0m,center
r45_0m_center_1974.mp3,r45,0m,center
r45_0m_center_1975.mp3,r45,0m,center
r45_0m_center_1976.mp3,r45,0m,center
r45_0m_center_1977.mp3,r45,0m,center
s12k_0m_center_1978.mp3,s12k,0m,center
s12k_0m_center_1979.mp3,s12k,0m,center
s12k_0m_center_1980.mp3,s12k,0m,center
s12k_0m_center_1981.mp3,s12k,0m,center
s12k_0m_center_1982.mp3,s12k,0m,center
s12k_0m_center_1983.mp3,s12k,0m,center
s12k_0m_center_1985.mp3,s12k,0m,center
s12k_0m_center_1986.mp3,s12k,0m,center
s12k_0m_center_1988.mp3,s12k,0m,center
s12k_0m_center_1989.mp3,s12k,0m,center
s12k_0m_center_1990.mp3,s12k,0m,center
ump_0m_center_1994.mp3,ump,0m,center
ump_0m_center_1995.mp3,ump,0m,center
ump_0m_center_1996.mp3,ump,0m,center
ump_0m_center_1997.mp3,ump,0m,center
ump_0m_center_1998.mp3,ump,0m,center
ump_0m_center_1999.mp3,ump,0m,center
ump_0m_center_2000.mp3,ump,0m,center
ump_0m_center_2001.mp3,ump,0m,center
ump_0m_center_2003.mp3,ump,0m,center
ump_0m_center_2004.mp3,ump,0m,center
ump_0m_center_2005.mp3,ump,0m,center
ump_0m_center_2007.mp3,ump,0m,center
ump_0m_center_2008.mp3,ump,0m,center
ump_0m_center_2009.mp3,ump,0m,center
ump_0m_center_2010.mp3,ump,0m,center
ump_0m_center_2012.mp3,ump,0m,center
uzi_0m_center_2013.mp3,uzi,0m,center
uzi_0m_center_2014.mp3,uzi,0m,center
uzi_0m_center_2015.mp3,uzi,0m,center
uzi_0m_center_2016.mp3,uzi,0m,center
uzi_0m_center_2018.mp3,uzi,0m,center
uzi_0m_center_2019.mp3,uzi,0m,center
uzi_0m_center_2020.mp3,uzi,0m,center
uzi_0m_center_2021.mp3,uzi,0m,center
uzi_0m_center_2024.mp3,uzi,0m,center
uzi_0m_center_2025.mp3,uzi,0m,center
uzi_0m_center_2027.mp3,uzi,0m,center
uzi_0m_center_2028.mp3,uzi,0m,center
uzi_0m_center_2029.mp3,uzi,0m,center
vec_0m_center_2030.mp3,vec,0m,center
vec_0m_center_2033.mp3,vec,0m,center
vec_0m_center_2034.mp3,vec,0m,center
vec_0m_center_2035.mp3,vec,0m,center
vec_0m_center_2036.mp3,vec,0m,center
vec_0m_center_2037.mp3,vec,0m,center
vec_0m_center_2038.mp3,vec,0m,center
vec_0m_center_2039.mp3,vec,0m,center
vec_0m_center_2040.mp3,vec,0m,center
vec_0m_center_2044.mp3,vec,0m,center
verl_0m_center_2045.mp3,verl,0m,center
verl_0m_center_2046.mp3,verl,0m,center
verl_0m_center_2047.mp3,verl,0m,center
verl_0m_center_2048.mp3,verl,0m,center
verl_0m_center_2050.mp3,verl,0m,center
verl_0m_center_2052.mp3,verl,0m,center
verl_0m_center_2053.mp3,verl,0m,center
verl_0m_center_2055.mp3,verl,0m,center
verl_0m_center_2057.mp3,verl,0m,center
win_0m_center_2059.mp3,win,0m,center
win_0m_center_2060.mp3,win,0m,center
win_0m_center_2062.mp3,win,0m,center
win_0m_center_2064.mp3,win,0m,center
win_0m_center_2066.mp3,win,0m,center
win_0m_center_2067.mp3,win,0m,center
win_0m_center_2069.mp3,win,0m,center
aug_0m_center_2072.mp3,aug,0m,center
aug_0m_center_2073.mp3,aug,0m,center
aug_0m_center_2075.mp3,aug,0m,center
aug_0m_center_2077.mp3,aug,0m,center
aug_0m_center_2078.mp3,aug,0m,center
aug_0m_center_2079.mp3,aug,0m,center
aug_0m_center_2080.mp3,aug,0m,center
aug_0m_center_2082.mp3,aug,0m,center
gro_0m_center_2083.mp3,gro,0m,center
gro_0m_center_2084.mp3,gro,0m,center
gro_0m_center_2085.mp3,gro,0m,center
gro_0m_center_2088.mp3,gro,0m,center
gro_0m_center_2090.mp3,gro,0m,center
k2_0m_center_2094.mp3,k2,0m,center
k2_0m_center_2095.mp3,k2,0m,center
k2_0m_center_2096.mp3,k2,0m,center
k2_0m_center_2098.mp3,k2,0m,center
k2_0m_center_2099.mp3,k2,0m,center
k2_0m_center_2100.mp3,k2,0m,center
k2_0m_center_2102.mp3,k2,0m,center
k2_0m_center_2103.mp3,k2,0m,center
k2_0m_center_2104.mp3,k2,0m,center
m249_0m_center_2105.mp3,m249,0m,center
m249_0m_center_2106.mp3,m249,0m,center
m249_0m_center_2107.mp3,m249,0m,center
m249_0m_center_2108.mp3,m249,0m,center
m249_0m_center_2110.mp3,m249,0m,center
m249_0m_center_2111.mp3,m249,0m,center
nogun_None_None_2114.mp3,nogun,None,None
nogun_None_None_2116.mp3,nogun,None,None
nogun_None_None_2118.mp3,nogun,None,None
nogun_None_None_2120.mp3,nogun,None,None
nogun_None_None_2121.mp3,nogun,None,None
nogun_None_None_2123.mp3,nogun,None,None
nogun_None_None_2125.mp3,nogun,None,None
nogun_None_None_2126.mp3,nogun,None,None
nogun_None_None_2127.mp3,nogun,None,None
nogun_None_None_2130.mp3,nogun,None,None
nogun_None_None_2133.mp3,nogun,None,None
nogun_None_None_2135.mp3,nogun,None,None
nogun_None_None_2143.mp3,nogun,None,None
nogun_None_None_2144.mp3,nogun,None,None
nogun_None_None_2151.mp3,nogun,None,None
nogun_None_None_2152.mp3,nogun,None,None
nogun_None_None_2154.mp3,nogun,None,None
nogun_None_None_2156.mp3,nogun,None,None
nogun_None_None_2159.mp3,nogun,None,None
nogun_None_None_2160.mp3,nogun,None,None
nogun_None_None_2162.mp3,nogun,None,None
nogun_None_None_2163.mp3,nogun,None,None
nogun_None_None_2164.mp3,nogun,None,None
nogun_None_None_2165.mp3,nogun,None,None
nogun_None_None_2167.mp3,nogun,None,None
nogun_None_None_2168.mp3,nogun,None,None
qbz_0m_center_2171.mp3,qbz,0m,center
qbz_0m_center_2172.mp3,qbz,0m,center
qbz_0m_center_2174.mp3,qbz,0m,center
qbz_0m_center_2175.mp3,qbz,0m,center
qbz_0m_center_2176.mp3,qbz,0m,center
qbz_0m_center_2177.mp3,qbz,0m,center
qbz_0m_center_2178.mp3,qbz,0m,center
qbz_0m_center_2179.mp3,qbz,0m,center
qbz_0m_center_2181.mp3,qbz,0m,center
scar_0m_center_2183.mp3,scar,0m,center
scar_0m_center_2185.mp3,scar,0m,center
scar_0m_center_2186.mp3,scar,0m,center
scar_0m_center_2187.mp3,scar,0m,center
scar_0m_center_2188.mp3,scar,0m,center
scar_0m_center_2189.mp3,scar,0m,center
scar_0m_center_2191.mp3,scar,0m,center
scar_0m_center_2194.mp3,scar,0m,center
